,用户名：,居住城市,入会时间,用户评分,评论时间,赞同数量,短评正文
0,影志,北京,"['1233038 ', ' 2006-08-12加入']",allstar40 rating,2019-02-04 15:56:16,71882,“北京道路安全委提醒你：道路千万条，安全第一条，行车不规范，亲人两行泪” 这句广播语真是又土又洗脑，能不能押点韵啊？哈哈哈~ 电影比预期要更恢弘磅礴，晨昏线过后的永夜、火种计划、让地球流浪、木星推动地球…等等大小设定，没想到中国也能拍这么大架构、大格局的科幻片了，而且是第一部，了不得。以前看国外科幻感觉离我们很远，这一次看到熟悉的北京大裤衩、上海东方明珠都变成零下89°冰天冻地的末世场景，既猎奇又唏嘘。虽然在剧情上有套路，对于这部中国文化背景下的科幻新生儿，鼓励多于挑剔。导演说美国人拍科幻是放弃地球、去挖掘新的人类居住地，而中国人是不放弃地球、守住家土的情怀…“希望是我们回家的唯一方向”
1,frozenmoon,北京,"['1233038 ', ' 2006-08-12加入']",allstar30 rating,2019-02-05 16:29:48,4484,1.从特效和技术上讲，这应该是迄今为止此类中国电影的巅峰了。磅礴恢宏，细节营造用心。2.故事层面比较糟糕，很好奇到底出于什么原因，造成几乎超过40%的台词都是后配的，而且对不上口型，明显是片子成型后彻底改词重配的。这严重影响故事质量。3.作为类型片，很多讲述方式有明显问题，比如人物特征不鲜明，交代不清楚，刘启变成“刘户口”，这种启字的拆解为什么不交代?李一一变成“李长条”留给谁去猜?4.很多地方增加众多根本无意义的插科打诨，自以为幽默但毫无笑点非常尴尬。5.这个全球化的项目中，中俄合作，稍稍出现一句法语，两句日语，美国只闪现一次国旗，美国的缺席，出于什么原因?好奇。6.科幻特效技术有了巨大进步，但技术这只是科幻电影的一部分。
2,陆支羽,北京,"['1233038 ', ' 2006-08-12加入']",allstar50 rating,2019-01-29 20:10:48,62328,1.终于，轮到我们仰望星空。2.后启示录死亡废墟，赛博朋克地下城，以及烟波浩渺的末日想象，缔造了真正意义上的第一部国产硬科幻。3.拖着地球逃离太阳系的惊艳设定，本身便是对“家国情怀”的宏大投射，正应了刘慈欣那句“太阳死了，人还活着”。4.绝不仅仅只是电影工业巨壳下的类型尝试，始终荡涤其间的悲壮气息已然具备了史诗级质感，这是大刘的脑洞宇宙与电影创作团队精益求精造就的惊喜。5.屈楚萧很带感，演活了一个勇敢、中二又不失温情的英雄少年。6.期待能成爆款吧，这样才有机会等到更多的国产科幻电影；或许以后会出现更好的，但至今这无疑是最好的。
3,桃桃林林,"P'yŏngyang, North Korea","['1233038 ', ' 2006-08-12加入']",allstar30 rating,2019-02-07 23:08:46,1628,7分，当时看的时候，最大的感受就是，影片终于用一种好莱坞灾难片的模式，来处理这部电影，这使得最后的救援与牺牲，都有热血感。虽然从情节的细节、人设、台词等很多方面，还是有太多的遗憾。但是，它还是一个方向吧，这种大片，还是要尊重一些类型片基本情节规律的。另外，真正触到我的，还是那个2500年的漫长旅行，一场所有人都看不到结局的冒险，特别绝望与悲观，恰好也是我对宇宙的看法。
4,朝暮雪,重庆,"['1233038 ', ' 2006-08-12加入']",allstar40 rating,2019-01-27 14:16:11,12925,"《流浪地球》小说本就想象力丰富，让地球连同地球人一同逃难的创意荡气回肠、惊艳无比。
电影中的行星发动机很硬核，还原了小说中“雅典卫城神殿的巨柱”的描写；
地球启航产生的尾迹清晰可见，宛如一艘巨型飞船遨游宇宙之间；
北京、上海被冰雪覆盖气势磅礴；地木交会更是让人瞠目结舌，试问有电影能看到这样一幕？
最后表扬一下片尾的《流浪地球》小说的特效，比漫威的漫画翻页片头还精彩。
电影保持了小说的整体框架，有一定改动（严格说其实是扩充），只拍了小说的前两章，最精彩的《叛乱》希望能在续集看到。
新加入的点燃木星很有新意，这种有创意的改动我还是能够接受。
《流浪地球》的上映填补了中国科幻电影的空白，意味着中国科幻电影正式启航，让“中国科幻电影元年”迎来真正的春天。
中国科幻迷从此不再流浪，因为我们终于有硬科幻了！"
5,亵渎电影,北京,"['1233038 ', ' 2006-08-12加入']",allstar40 rating,2019-02-02 14:29:09,9082,中国导演能拍出这样的硬科幻，看到这样的完成度，想想就激动，可以让人原谅一切不完美！说这部电影是中国科幻电影的元年自然是站不住脚，毕竟国内早就拍过很多软科幻，但说《流浪地球》是中国硬科幻电影的第一座里程碑，或者说中国硬科幻电影的元年，这是任何人都无可反驳的，它的工业化程度在国内绝对是前所未有的，是一部可以载入中国电影史的电影！其实中国观众对于这类型的硬科幻并不陌生，只是国内一直没有拍摄这种硬科幻大制作的工业基础，也可能是因为中国人没有这样的文化自信，找不到中国独有的文化语境，并不相信中国人可以去拯救地球，拯救世界。直到今天，终于有导演做了这件事情，而且做的非常棒，给中国的硬科幻竖起了一个很高的行业标杆，在中国人的文化语境里用中国人的方式拯救全人类，也一样可以拍的毫无违和感，一样燃爆！
6,乌鸦火堂,北京,"['1233038 ', ' 2006-08-12加入']",allstar50 rating,2019-01-20 19:00:54,15077,华语真正意义上的第一部科幻大片！刘慈欣的硬核科幻设定，小兵扛大旗的主流价值观人设，东方式的家庭理念核心，地心引力与星际穿越的融合。故事铺排+情节张力+情绪渲染+镜头调度非常娴熟，意料之外的特效大场面超赞。虽然有瑕疵但整体非常流畅，后30分钟更攥着手看，几处情节令人泪目，片尾BGM燃爆。“比肩好莱坞、电影工业”已是老生常谈，我认为这是华语电影的发展方向，不算完美但完成度和起点相当高，给你五星不怕你骄傲
7,[已注销],,"['1233038 ', ' 2006-08-12加入']",allstar40 rating,2019-01-20 14:56:12,5167,宏大又动人。为原著赋予了细腻的想象，整体气质比美式末日片都多了一份安静和真实，也有萦绕不去的悲伤。最戳心的当然还是《流浪地球》选择带着地球寻找新的星系，而不是开辟新的居住地，等冰有天化为水，子孙依然能看到北京、上海、贝加尔湖，这点可真是太乡愁了。看完念念不忘的并不是角色，而是电影带来的挥之不去的孤独感，望着头顶的太阳，真是又温暖又寒冷。
8,姨妈的鸭,上海,"['1233038 ', ' 2006-08-12加入']",allstar50 rating,2019-02-05 16:51:54,6784,春节期间最大的一场烟花，是看你爸为你和地球点燃的宇宙爆炸，太朋克了。
9,巽,,"['1233038 ', ' 2006-08-12加入']",allstar50 rating,2019-01-22 05:43:32,5036,4星，多一星鼓励。华语电影工业飞跃的节点，技术、剧本、精神内核，各方面都是全球尺度下顶级同行们的优秀学生水准。可贵之处就在于，作为先行者和新生代，能分辨什么是好的，应当学习的，并用十二分的力气把它们执行出来。比起科幻，我更看重和感动是它作为电影本身的意义，终于让我对华语电影有了一丝“总是往好里去”的希望。执拗、赤诚、勇敢、高贵——是的，甚至称得上高贵，负载着沉重的文化烙印，但依然元气淋漓，令人击节的少年。像那颗燃烧自己驱动前行的淡蓝色小球，向着茫茫宇宙，星辰大海，出发。
10,九只苍蝇撞墙,"Montréal, Canada","['1233038 ', ' 2006-08-12加入']",comment-time ,2019-02-05 23:16:40,1939,战天斗地会是历史留给中国人的唯一思想遗产么
11,二十二岛主,北京,"['1233038 ', ' 2006-08-12加入']",allstar40 rating,2019-02-05 00:02:28,3452,观影过程中的情绪很复杂，一方面感叹特效的用心和部分设定的精妙，另一方面又很讨厌导演极尽谄媚的逢迎和所谓的“接地气”，这可能是导演想要努力区别于国外科幻片的地方，但不是说加入像《海草舞》、穿秋裤这样的“魔幻中国”元素就能展现出中国特有的科幻感的，一切还是要回归到人性纽带上。在这一点上，影片中的几条亲情线就至关重要。其中最打动人的还真是吴孟达饰演的爷爷/姥爷这条线，以及隐线叙事的父女情和夫妻情。吴京才是影片的第一男主角，从头演到尾，而且大多数时间都是独角戏，难度很大，变成特别出演可能也是情非得已。多加一星鼓励，作为第一步，确实已经不错了。
12,王小叶儿,北京,"['1233038 ', ' 2006-08-12加入']",allstar50 rating,2019-01-20 13:16:30,4581,就在我已经彻底被国内影视技术限制了想象力，不相信中国能有真正意义的科幻电影时，流浪地球便对着我的心脏狠狠扎了一针强心剂，走出电影院都还恍若隔世，中国真的也有这样的电影了吗，真的不是在做梦吗。相信，这是一部定会写进中国影史、中国科幻影史、中国太空电影史、中国影视工业进程史的一部科幻杰作，庆幸能成为见证者。此刻我手中的那张电影票不再是一张观影入场券，更像是一次亲历奇迹的勋章。
13,小姬,北京,"['1233038 ', ' 2006-08-12加入']",allstar50 rating,2019-01-20 19:29:40,1966,"在西安看完零点场，上座率好得惊人，观众素质极高，我隔壁的哥们（不认识）在电影结束的那一刻对着郭帆的名字大叫一声“牛逼！”
第三次看了，还是看哭了，我看到了一个未来，那就是《流浪地球》会成为星战那样延续几十年的经典系列，几十年后，我会在电影院看到地球抵达半人马座阿尔法星，也就是三体星系，冰融化成水，人类的孩子在贝加尔湖畔钓鱼。而我们这一代人垂垂老矣，在影院里默默流泪，更多的年轻人因此爱上科幻。"
14,顿河,北京,"['1233038 ', ' 2006-08-12加入']",allstar50 rating,2019-01-29 00:59:17,1591,一定会有人来较真儿，不过尔尔。但就是喜欢以及尊敬。人类有两只眼睛，既要关注当下，也要眺望远方。赶长路总得看得远些，多点夸父追日的浪漫，就能多点愚公移山的可能。【流浪地球】是个不断在两个坏的结果里做选择的故事，希望是唯一的标准。说是科幻元年，意味着一片荒芜百废待兴，而出发的决心和勇气，赢得的将不只是尊重，因为今天就是明天的昨天。最喜欢片尾的那段话，我们是个缺乏谈论普世价值基础的社会，但希望和勇气，总是可以也应该说的吧。
15,乙小囧,浙江杭州,"['1233038 ', ' 2006-08-12加入']",allstar50 rating,2019-02-06 07:23:26,1115,这片要是美国拍的可以给80分，中国拍的我给200分！你能想象在波士顿的IMAX电影院里坐满人，看完集体鼓掌的画面吗？燃，巨燃，全程无尿点，特效满分，剧情瑕不掩瑜。。豆瓣为什么不能打6星？⭐⭐⭐⭐⭐⭐
16,谢谢你们的鱼,北京,"['1233038 ', ' 2006-08-12加入']",allstar40 rating,2019-01-28 23:07:20,2866,125分钟重新定义了中国科幻，主创团队站在好莱坞的肩膀上完成了一个中国电影人从未完成的壮举。你可以在影片中看到《星际穿越》、《全球风暴》、《后天》、《世界末日》等一系列好莱坞顶级大片的影子，但是观看的时候你依然会非常明确地认定这是一部国产科幻大片应该具有的样子，没有山寨感，没有违和感。编剧对于大刘故事的全新演绎面面俱到，小到人物情感大到人类存亡都被演绎得让人信服，高潮部分更是贡献了极强的情感穿透力，燃度也是惊人。说实话，《流浪地球》作为国产科幻元年作品，起点真的太高了，心疼后面那些跃跃欲试的跟风者。PS：小粉红请不要赞这条，我不是你们盲目爱国的盟友！
17,谢飞导演,北京,"['1233038 ', ' 2006-08-12加入']",allstar50 rating,2019-02-19 19:42:17,198,到五棵松耀莱影城的杜比厅大银幕上看了这部开创中国硬科幻电影元年的娱乐佳作，不错！几年前就看过刘慈欣的大作《三体》，深知把他的科幻世界搬上银幕的巨大难度，年轻的导演郭帆和王红卫剧本策划带领的编剧团队干得漂亮，值得观众用40亿以上的票房来支持它，鼓励它！好的文化艺术片不容易拍，好的通俗娱乐电影同样需要不凡的艺术才华、技巧和能力，加上巨额的资金投入、高科技视听制作，难度更大。春节假期中，在柏林电影节上斩获奖项和好评的《地久天长》、《恐龙蛋》、《一秒钟》等文艺片和在国内市场上获得票房冠亚军的本片及《疯狂的外星人》等娱乐类型片的主创，许多都是电影学院的各专业毕业生，祝贺他们的成功，母校因他们而骄傲！以前给《战狼2》我打过五颗星，这次也一样。
18,巴伐利亞酒神,上海,"['1233038 ', ' 2006-08-12加入']",allstar40 rating,2019-01-28 22:33:37,2158,优点和缺点都十分突出的电影。先说优点：算得上中国科幻电影的里程碑之作，尤其视觉效果非常出色。红色防护服和大型载货卡车的设计极其出彩，完全击中了我的审美，如果出周边玩具的话一定购买！再说缺点：场面足够宏大了，但有些空。个别台词太尬，个别演技掉线，个别煽情过头。而大刘原著里的那种悲悯，没有表现出来。简言之，流浪地球是一出无法回头的壮烈，一种不抱希望的绝望。苦涩的成分，原本应该大于燃烧的。
19,同志亦凡人中文站,,"['1233038 ', ' 2006-08-12加入']",allstar40 rating,2019-02-07 02:53:07,1282,拖着地球逃难的设定有种在看太空版“战狼”的感觉，但无论气质还是内核都够硬，硬气+硬核的国产科幻片，预算有限但特效很真。纪律、服从、牺牲精神，外国人可能又要说华语片自我高潮了，但谁说价值观只能是好莱坞那种？最大亮点：没人谈恋爱，因为谈了也没球用...
0,谋杀游戏机,北京,"['MovieL ', ' 2006-03-29加入']",allstar40 rating,2019-01-20 14:03:59,2221,《流浪地球》，中国第一部真·硬科幻电影，确实硬起来了。将中国式亲情关系、故土情怀投射到宏大的末日构想中，比原著又升华一层，敬畏而感动。电影剧本、特效都很扎实，最后30分钟特别燃。2019年龙标001号作品，也是中国科幻大片迈出的第一步。郭帆这一代类型片起家的80后导演学习能力都很强，不断为市场带来新的惊喜。加油
1,木卫二,四川成都,"['MovieL ', ' 2006-03-29加入']",allstar20 rating,2019-02-09 17:23:53,3332,"木星都被你们地球人点燃了……
还要我说什么？？？
《流浪地球》挺硬，但序幕往后，越来越糙，人物情感和煽情模式太套路。中国能拍科幻片，中国是主场景也不违和。可强调中国心、以（过年）回家之类的观念灌输，实在吃不消。
举例其中几场戏：上海电梯救援和初中生演讲感动全世界，完全不知道在拍啥，实实在在瓦解掉了开头上地出城的高大上感。反复的亲人泪两行当然可以，但一直用，就有点无解——更像反复要在现实中国和银幕科幻的联系上耍聪明（这一切也可以被注释为第一次见到中国城市被毁灭云云）。一直来这套，实在对不上地球死了几十亿人的悲剧感和极度寒冷，说来说去，也只是一堆数字。记住，电影评价也得有洛希极限。"
2,阿暖,北京,"['MovieL ', ' 2006-03-29加入']",allstar30 rating,2019-01-29 11:28:37,2091,史诗感不是靠狂轰滥炸的煽情就可以做到的，这部电影的双线叙事做得太糙、太散、太自我陶醉了。最可怕的是，这依然是一个中国式寓言：长辈们大爱无言，前仆后继地自我牺牲；年轻人们任性叛逆、自以为是，又总能踏着祖辈的鲜血苟活下来。让人细思极恐的价值观。如果说中国科幻值得鼓励的话，及格已经是最好的鼓励了。
3,小啊原,,"['MovieL ', ' 2006-03-29加入']",allstar30 rating,2019-02-05 03:44:54,1486,这部电影只能证明我们的特效起步了，我们的科幻片还没有起步。
4,Seki怎么又瘦了,"New York City, United States","['MovieL ', ' 2006-03-29加入']",allstar30 rating,2019-02-07 12:30:43,1011,看着挺无语的，对不起各位，对不起大刘，但我实在没法接受莫名其妙的煽情和我逻辑里没法解释的“小屁孩通过常识得到的奇迹比全球顶尖牛逼的科学家和超智能人工智能更牛逼”的爱国主义奇迹精神。对不起。
5,欢乐分裂,上海,"['MovieL ', ' 2006-03-29加入']",allstar30 rating,2019-02-05 17:39:38,786,2.5；首先是宏大设定题材的胜利，木星的壮阔斑斓与荒原废土视效展现的工业制作水准有惊喜，让人仿佛窥见国产科幻的春天微光；不少模仿痕迹，“莫斯”堪称全知型的“哈尔”。然而缺点亦同样显露无疑，不谈科学原理的硬核度是否经打，我首先非常反感在号称「硬」科幻的影片里乱塞情感强煽，套路化的美式个人英雄在社会主义「高大全」特色美学旗帜下，显得尴尬无比；自以为是的幽默和废话连连的台词，经过尬演滤镜折射，以及全程满溢的配乐，愈发让人出戏。全片最神奇的还是混乱而粗暴的剪辑，很多关键场景被处理得莫名其妙不知所以，甚至出现情节的跳跃。
6,孟三哥,,"['MovieL ', ' 2006-03-29加入']",allstar30 rating,2019-02-05 00:56:23,841,只能说前期宣传太强势导致期望过高，男一女一演技拖后腿，而且想说本人非常相当不喜欢绑架型宣传的电影，什么中国电影站起来了呀之类的，把期望宣传立意搞那么大，看了只会觉得有落差。不过吴京文戏表现意外不错。可惜被男主和妹妹一人拉低一星。
7,汪金卫,北京,"['MovieL ', ' 2006-03-29加入']",allstar30 rating,2019-01-29 16:33:40,724,“咔嚓一下震天响，来了战狼当球长。带领人类救地球，一场大火没咋地。”能有部特效还看得过去的硬科幻国产片是值得鼓励的，虽步履蹒跚但至少起步了。身为大刘十几年的读者，观影前又读了遍原著，文字的力量依旧让我感动。大刘不像很多中国科幻作家那样有强烈的中国中心观，而是站在全人类高度。但电影只是借用了小说设定，剧情已改编得面目全非，注入了原著不曾有丝毫的民族主义催化剂。映后吴京灵魂提问“月球背面的车是哪个国家造的？”全场高呼“中国！”观众激动表达高涨的爱国情绪与自豪感，让我惊愕不已。电影在台词节奏方面问题不少。吴京的角色设定似曾相识，他在太空翻滚对接高潮戏的配乐也很耳熟，仿佛穿越到五年前三刷《星际穿越》IMAX的那天，忍不住喊出那句经典台词：Come on TARS！
8,王大根,北京,"['MovieL ', ' 2006-03-29加入']",allstar40 rating,2019-02-05 17:15:16,1320,真的是国产科幻片里前所未有的级别了，可以说是太空版的《红海行动》，不论是优点还是缺点，都完全是想象中刘慈欣小说拍成电影时该有的感觉。吴京这把还真的不战狼，战狼魂都传给儿子了，不过他和屈楚萧又不太父子，更像是什么养成系gay couple……
9,芦哲峰,辽宁沈阳,"['MovieL ', ' 2006-03-29加入']",comment-time ,2019-02-08 11:53:57,413,能拍科幻片了就是进步，虽然煽情尬得不行。
10,彭萦,北京,"['MovieL ', ' 2006-03-29加入']",allstar30 rating,2019-02-05 17:53:34,480,《星际穿越》我给了五星，《地心引力》《火星救援》我给了四星，按这个标准只能给三星。
11,后自愈,北京,"['MovieL ', ' 2006-03-29加入']",allstar40 rating,2019-02-04 16:39:33,1213,超乎预想的太多。这的确是一部意义非同寻常的作品，剧本和特效都足够踏实，满满的人文主义关怀让它有了与美国大片截然不同的气质。还有瑕疵，但在其相对华语电影工业和类型高度的巨大飞跃前，这些都不值一提。冰雪覆盖的巨大建筑物、赛博朋克的地下城、“流浪地球计划”的故事构想，这些震撼感官的部分也指向国产科幻片逐渐明晰的未来。
12,米粒,"New York City, United States","['MovieL ', ' 2006-03-29加入']",allstar30 rating,2019-02-23 11:22:54,114,2.5 鼓励一下往上拉拉吧。当然不是一无是处，但是看得很焦躁。其实科幻片里人类应该太空战狼还是充满敬畏没有说一定要怎样的。但不论最终需要传达什么情感，哪怕是最简单的亲人想要再见面，都需要循序渐进让观众逐渐产生同理心呀。这电影呢，夹住了就掰，卡住了就踹，急眼了就大喊，不爽了还放火，感觉所有的角色都脾气很差。不是一个好故事应有的继续方式。地球被推来推去暂且不说脑洞的问题，总之觉得可以完全讲的更好的。电影千万套，好看最重要。票价如此贵，钱包两行泪……
13,SingLesinger,北京,"['MovieL ', ' 2006-03-29加入']",allstar50 rating,2019-01-20 13:38:41,1157,剧本的节奏处理的极其工整，灵魂黑夜到第三幕的高潮迭起层层堆叠。特效部分也很扎实，美术在好莱坞科幻美学上有很多本土的尝试。最后的太空战狼时刻也并不违和，春节元素也比红海更扣档期主题。希望中国科幻电影好起来。
14,维舟,上海,"['MovieL ', ' 2006-03-29加入']",allstar30 rating,2019-02-09 21:00:53,209,对国产科幻片而言，算得难能可贵了。原著胜在宏大设想，电影胜在视觉特效，也改编得更好莱坞化，人物形象、对话和细节有待加强。虽是想像未来，但底色还是工业浪漫主义，许多场面说实话让我想到的是工矿和“铁人精神”，英雄气概则源自军人、市井痞气和中国人对“活下去”的坚持。虽然设想了一个超越国界的联合，但其实看不到真正意义上的“联合”，联合政府仍是单一权威，而别国的角色大体像是春晚上的少数民族。某些细节似不合理（发动机燃料竟是矿石，且用卡车远程运输），但最让我疑惑的是这个“流浪地球”构想像是匆忙上马的大政府乌托邦工程，耗资巨大还失败概率不低（如果不是两个中学生拯救，差点失败），它或许符合物理学，却似不合经济学——有这钱造1万座发动机，何不造飞船移民？
15,银谷,上海,"['MovieL ', ' 2006-03-29加入']",allstar40 rating,2019-02-04 10:01:08,885,建议大家放低预期去看，好，但并没有吹的那么开天辟地的好。特效确实没话说，开头十几分钟快节奏剪辑交代设定背景，加上我们熟悉的北京，上海，杭州等大城市被冰雪覆盖的荒凉震撼场面确实让人忍不住想打5星，可惜后半段越来越主旋律和刻意的煽情，使每一个阅片量多一点的观众几乎都能猜到最后的结局，这让一切开始变得冗长和乏味，影片观影完毕后，留给观众哲思和探讨的余味很少，影片应该更深挖人工智能的背叛，人类对宇宙未知探索那种恐惧和好奇心并存的心里，而不是把全部精力都用在众志成城拯救地球这条单一的政治正确主线上。
16,西楼尘,江苏苏州,"['MovieL ', ' 2006-03-29加入']",allstar30 rating,2019-02-06 14:02:06,220,少年离开地下避难所来到冰冻的地面冒险，男人离开熟悉的星球飞到未知的太空工作，地球离开膨胀的太阳系驶向茫茫的宇宙流浪。空间站搜集人类文明延续火种，地球人通过饱和救援传递火石。希望从不是教室外的模拟显示屏，眼镜里的虚假小电影，不是永昼里望梅，想米饭止渴，是我兑现诺言撞向木星与你相见。
17,TimberNord,浙江杭州,"['MovieL ', ' 2006-03-29加入']",allstar30 rating,2019-02-14 14:24:08,147,"1. 出门遛个弯儿得穿戴半天，头盔裂了会被冻死。
2. 雪天开车不减速，各种侧滑习以为常。
3. 男主新人脸，亚裔，名叫【户口】，喜欢飙车。
4. 哥几个见着高楼能仰脖看半天，一脸震惊。
5. 系统语言是英文，政府大佬讲法文 。
6. 主推多元文化，一句不提美国。
7. 政府大佬面对危机的处理方式是【大伙都散了吧回家和老婆孩子呆会儿，good luck】
8. 由于距离某超大体量的巨物过近而被吸走了元气，老少爷们都挺忧虑的样子。
9. 一队人不远万里深入敌营一把火把那巨物给点了，老少爷们都挺高兴的样子。
10. 不缺能源，大火焰柱子说点就点，特亢奋。

科幻风格的加拿大主旋律献礼片，三星。"
18,LOOK,上海,"['MovieL ', ' 2006-03-29加入']",allstar20 rating,2019-02-06 22:09:40,1611,科幻层面没有任何想象力可言，基本就是又让我看了一遍红海行动
19,郭连凯,"London, United Kingdom","['MovieL ', ' 2006-03-29加入']",allstar50 rating,2019-01-27 12:39:58,621,在国产电影上的里程碑意义值得一个五星，制作与国际一流接轨，故事的史诗感甚至是21世纪科幻电影中数一数二的，为此也真的可以忽略前半程剧本的略微混乱。最后一幕真的炸了，情感牌打得好，史诗感也做足了，吴京的戏份虽然不多，但都在关键点上，最后一场戏也是煽的恰到好处，忘掉他是战狼吧，人家这次拯救全人类了。
0,格里高尔,江苏南京,"['ydyie ', ' 2007-12-26加入']",allstar30 rating,2019-02-06 22:06:43,317,原著的奇葩和浪漫大半消失，乱哄哄，但最初三分之一还是给了我一些惊喜，作为国产灾难片可以及格，为鼓励甚至可以上四星。地下城黑市的三秒呈现我注意到两组男女互动，一是浪女憨男，一是悍女浪男，太陈旧了，太小品了，太低能了，在最该舒张人性的所谓黑市区依然是这副看饱了春晚的蠢相，中国人的压抑到底是有多深重，千年集权统治，真是不寒而栗。卡车里那段女音更可怕，那种把成人当儿童的嘴脸，以及所有角色的一切充公却依然充实的精神状态，都很熟悉，虽说高压环境令人类文明倒退到中国标准是可能的，但回想国外电影表现此类高压集权环境下，角色对自由的自然向往，本片是完全没有的，所有中国人都仍然是一幅不想挣脱框架、最多在框架内变通的顺民嘴脸。主角的脱轨行为只能算撒娇作死，和自由没有一毛钱关系，和围着家长转的乖宝宝没有本质区别。
1,时间之葬,北京,"['ydyie ', ' 2007-12-26加入']",allstar40 rating,2019-01-20 14:19:55,1013,绝对当得起“中国第一部硬科幻”的头衔。对大刘小说的影像化改编，可以说远超想象。国产片中极其罕见的具备了庄严的悲剧气质，好几个时刻能让人感到人类在宇宙中那种宿命般的悲壮和无力感，我们能够与之对抗的，只有爱和家庭。看好成为春节档冠军。
2,Yu,,"['ydyie ', ' 2007-12-26加入']",allstar40 rating,2019-02-05 03:47:26,814,剧情梗概： 太阳：滚！地球：好的  木星：滚！地球：好的
3,NullPointer,上海,"['ydyie ', ' 2007-12-26加入']",allstar30 rating,2019-02-06 01:10:57,376,"电影上映恢复评星，特效三星算正常，但人物和台词就是蠢到尴尬，只要你不被所谓中国科幻大片的情结绑架，想象下要韩国人拍了这么一部绝对被喷成狗头，本片水平给三星非常公允，就是如果韩产三星最高如果国产三星最低的水平——前半段是一股熟悉的国产囧片味道，情节靠画外音推进，人物靠中二前进。后半段是一股熟悉的国际灾难大片味道。但后半段真不错，离结尾越近水平越好，人物纷纷活过来了，情节开始沿着陡峭的逻辑的轨道滑行飞向终点。。。ps, 在设定在几十年后的科幻电影里夹各种转瞬即逝的网络文化梗——从此不再只有好莱坞爆米花片那么浅薄，中国爆米花电影一旦有机会就青出于蓝。"
4,哪吒男,广东深圳,"['ydyie ', ' 2007-12-26加入']",allstar30 rating,2019-02-08 21:45:16,173,父亲们一定会喜欢的电影！为人父亲的人生理想被表现得彻彻底底：1说什么都是对的；2不带孩子还能天天教训孩子：3临死前也能教育孩子。（后半段煽情点太多了，都麻木了）
5,獨孤島主,上海,"['ydyie ', ' 2007-12-26加入']",allstar40 rating,2019-02-06 12:10:09,389,在悲情城市2058的中学教育居然还是这样的
6,晚不安,北京,"['ydyie ', ' 2007-12-26加入']",allstar30 rating,2019-02-05 03:15:56,230,《流浪地球》这部电影本身就像“点燃木星”计划，用视野范围内全部前端资源去推进难产的中国“硬”科幻。质素和内核都可以对标去年的《红海行动》，春节档票房冠军已是囊中之物。可以理解大刘为什么认可这部电影，它望向太空的眼光和极高的完成度是非常扎实的第一步。也可以想象广大观众将用迎接药神的热情去迎接科幻元年，毕竟这真的是一部为大年初一“量身定制”的大片。但它只是对科幻片做了一次认真而深入的文献综述，用《环太平洋》的国际框架去囊括《银翼杀手》（美学）《2001太空漫游》（元素）《星际穿越》（情感）《地心引力》《独立日》（情节）……罗列种种熟稔的科幻母题，但没有给出足够有价值的表达。而在整体趋向灾难片的态势下，对情感的渲染是相当聒噪和失败的。所以来势汹汹的太空战狼，其实只是一个被寄予厚望的组装的健壮婴儿。
7,苍山古井空对月,广东广州,"['ydyie ', ' 2007-12-26加入']",allstar30 rating,2019-02-05 09:56:32,465,"三星是鼓励国产分，最直观的感受是看完第一遍之后没有二刷的想法。
首先我觉得角色塑造得不讨喜，男主角无法让我产生认同，像个任性的小孩子，没有大局观。他和救援队之间的电车难题矛盾轻描淡写地忽略了。
第二是影片对于摆脱麻烦困境的过程太省略了，只有开头出现麻烦，然后就到结果让你知道摆脱了麻烦，中间的过程我不知道是怎么样的，如此一来就没了紧张感，成了流水账叙事。
还有，演讲光靠煽情讲道理而不讲救援计划，嘴炮拯救世界，实在是很难接受。"
8,小A,北京,"['ydyie ', ' 2007-12-26加入']",allstar40 rating,2019-01-28 13:43:38,750,气势恢宏，后半段很震撼。刘慈欣原著没有完整的故事，而是碎片化场景的集合。电影版以原著设定为基础原创了一个故事，有致敬《2001》《地心引力》《2012》《星际穿越》和多部经典动作片灾难片的内容。和《降临》一样在科幻故事架构中表达人文关怀，不再以展现人类科技伟大成就或浩瀚宇宙壮丽神秘作为故事唯一主题，而是以此为基础回归人性，探索架空设定下人类最纯粹的情感。
9,柯里昂,北京,"['ydyie ', ' 2007-12-26加入']",allstar30 rating,2019-02-06 19:18:03,167,虽然原著风评极高，但电影其实还是按照最常见的那套类型片的模板在拍，最后干脆用剪辑伎俩让吴京挤出了马修·麦康纳式的两行泪，相比大家的野心，吴京这一哭确实有点太没诚意了…不过放同类型片堆里，这种级别的体量除了好莱坞大概也只有不差钱的中国电影人能搞出来了，当然话说回来，想必主要还是制作方会省钱…地球部分更像是过往灾难片的元素集合，空间站部分赶不上好莱坞顶级也能把俄罗斯近几年拍的那批太空片甩远（加分项），无奈剧情上逻辑打脸的地方仍旧太多，另外，近一半的台词和口型对不上是咋回事？
10,[已注销],,"['ydyie ', ' 2007-12-26加入']",allstar30 rating,2019-02-07 07:14:36,141,那刘户口，真不是曹云金啊？ 
11,Morning,北京,"['ydyie ', ' 2007-12-26加入']",allstar30 rating,2019-02-05 23:27:56,198,是灾难片，但并不科幻。在科技这个类型上的叙事是节节败退的（因此我更宽容了一点《星际穿越》），地下城的景置景感太重，和《动物世界》的轮船没差，我觉得是观念和精细度的问题，外部世界我则想起了《天咒》，实在是不算太好的联想。电影的煽动能力还是很强的，毕竟把希望和恐惧都讲到了一个死生的极致，但个人角色就写得比较糟糕，情节时常依托于一个人任性的决定，无视法律法纪等等这让我觉得现代文明和科技发展后可能已经克服了的东西，写人性仍旧写不出恢弘的灵性格局，科技和灵性是同步发展的，亚特兰蒂斯文明就是佐证。我喜欢男主角的任务反转的线，当他离开队伍找到车再次踏上征途时，又和李光洁又一个互相的交接动作，确实是很扎实的一笔，但前面的我只能说他们一家人很拖累同伴。
12,安德烈大叔,北京,"['ydyie ', ' 2007-12-26加入']",allstar30 rating,2019-02-05 14:45:21,232,摒除当下“保护主义”盛行所附加的“降低标准”、“一星鼓励”，这就是个三星偏低水准的作品。制作层面在当下中国电影工业而言是很亮眼的，大概达到了好莱坞二十年前的水平。剧本故事完整，三幕结构加双线，很标准的路数，最大的欠缺是人物扁平，没有能让人记住的角色，（演员表现比较糟糕）也让整部片子显得有些闷。导演很粗暴也很潦草，“饱满”的配乐听上去大都是高仿的美国货，鼓点都差不多，当然这都是行业惯例，不过直男煽情还是得多练习一下。最后从科幻层面而言，这部片子“硬科幻”定义的有待商榷。
13,变形的文科生,北京,"['ydyie ', ' 2007-12-26加入']",allstar20 rating,2019-01-28 17:06:30,1773,"作为科幻迷来说，挺失望的，想打两星，充其量就是个好莱坞平庸水准的太空灾难片。完全没有预期中的超级震撼感，因为本片其实谈不上想象力，画面、情节很多都是经典/知名科幻片的移植，甚至没有自己的风格，纯粹就是一个砸钱的工业特效大片，看不到任何新东西，无法让你产生那种神秘宇宙探索的敬畏与致密吸引力，如果你是看过很多科幻片的科幻迷，你压根不会为任何一个画面或者情节感到激动甚至颤抖。
作为一名中国观众，就觉得还是可以给三星半吧，毕竟起码特效水平是上去了，在好莱坞面前起码不会显得太low。总体而言，这与我预期中的那种充满人文、科学智慧与审美的高级科幻片，还是差了十万八千里。再次感叹，库布里克是真的牛逼，老雷是多么值得跪拜，诺兰也真的是无可替代啊！"
14,大旗虎皮,北京,"['ydyie ', ' 2007-12-26加入']",allstar40 rating,2019-02-07 12:57:57,260,我不知道中国可以拍出以假乱真的美国A货科幻片，这到底有什么值得骄傲的？可绝大多数人都会不自觉地这么想。《流浪地球》有趣的是在80年代末国产软科幻和90年代美国硬科幻之间，找到了”家庭伦理“这个可以共享的价值观，与地木叙事、全球救援构成了平行的家庭叙事，不管你是否喜欢这种翻出出现的“婆婆妈妈”的东西，这是工业化电影的必然选择，影片有趣的地方是最后把“家”与“希望”对立起来，到底什么是“不能回家的希望”？
15,南悠一,北京,"['ydyie ', ' 2007-12-26加入']",allstar30 rating,2019-02-05 11:10:47,241,带着房子跑又能如何，“我们自己的”科幻片故事背后竟然如此虚无，真可谓“寒蝉凄切，对长亭晚，骤雨初歇。”首先不敢解构权力，其次连基本的人性冲突都不敢涉及，要靠着煽情和生硬的突发事件做转折。
16,iriselite,上海,"['ydyie ', ' 2007-12-26加入']",allstar40 rating,2019-01-28 22:01:36,697,作为业余偶尔写科幻小说的我，实在没有写如此庞大体系的能力，顶多写软科幻。真是出乎意料的我国本土科幻大片，背景体系庞大，十足的硬科幻，视觉效果震撼，作为文科生可能对这方面的理论比较难理解。不过本片除了科学理论，还有浓浓的亲情，催泪啊。看完散场以后，要好好的呼吸空气，仰望蓝色天空or星空，感受地球的美好！
17,风间隼,北京,"['ydyie ', ' 2007-12-26加入']",allstar40 rating,2019-01-20 20:11:02,501,看预告片以为是个高概念低成本作品，想不到超出预期。情节热血，想象奇伟，画面瑰丽，是个完成度很高的硬核科幻电影。这大概是中国人第一次在银幕上领导全人类拯救世界，让我一句话概括剧情的话就是“烟花爆竹救地球”。关于他者的刻板印象不少，是以后需要多借鉴人类学的地方。让我最感兴趣的是我们终于可以自己拍灾难末日场面了，这本身就打开了设想另一种社会秩序的大门。缺点主要是设定未臻圆满，叙事轻重偏颇，但毕竟这是中国科幻片的一个新起点，值得高兴！
18,傻冒叔,浙江杭州,"['ydyie ', ' 2007-12-26加入']",allstar30 rating,2019-02-06 21:11:04,186,题材够宏大，特效够震撼，但是传达出的那种价值观让我浑身不舒服。
19,老袁,北京,"['ydyie ', ' 2007-12-26加入']",allstar30 rating,2019-02-09 16:30:46,94,特效没什么好挑剔的，但科幻电影也不是只有特效吧。文戏太硬，像一只没炖软的鸡。熟是熟了，但吃着太累，吃完还消化不良。在男主的衬托下，吴京的表演可以说得上是真挚动人了。（我爱屈楚萧！
0,朝阳区妻夫木聪,北京,"['colinpark ', ' 2011-01-29加入']",allstar40 rating,2019-01-28 17:34:09,459,很复杂的观感，即便能说出这个片子的一百个不足，比如本土化的台词过于刻意、比如有点想当然的剧情、比如一根筋式的人物塑造、比如结尾处站在宇宙中心用爱发电的廉价煽情等等，但是情感上还是有被打动到。看的过程中一度想到人类的伟大与渺小，也穿越到Interstellar结尾安妮一个人孤寂的神情，甚至还想起了奇葩说里大美玲说的那个“有后东”和“无后米”的故事。其实本质上还是在用硬科幻的外壳包裹人类共通的情感联系，“选择回家”or“选择远方”这样的议题放在影片的语境中显得更具现实意义，也显得更加在地；而宿命的荒凉感和对希望的执着企盼，在顶级工业水准的加持下也散发着动人的色彩。这颗在黑暗宇宙中摸索前行的小小星球，承载着人类多少厚重的能量，一想到就觉得震颤不已。中国科幻电影第一步，走得确实不容易，三星半鼓励。
1,西帕克,上海,"['colinpark ', ' 2011-01-29加入']",allstar20 rating,2019-02-06 00:07:07,1428,流浪地球这个科幻设定非常浪漫，但执行起来却有点网飞网大的感觉。人物多且不深入，主线基本就是一场没规划的救援。导演既想做的温情，又想做一点悬疑，但两头落空。其实，这个设定可挖掘的地方很多，毕竟计划刚开始就要杀死一半的地球人，如何选择取舍其实非常艰难，之后的社会也更应该沉浸在悲伤和自责中，而不仅仅是如今的猎奇和救援。只关注科学的那一面，而略过或简化人性的那一面，难道中国科幻的最高追求只能是爽片吗？
2,玑衡,"San Francisco Bay Area, United States","['colinpark ', ' 2011-01-29加入']",allstar20 rating,2019-02-11 07:33:45,647,的确拍成了大片，production quality 还不错，然而三观严重不正：传统的家庭关系（以骂和顶撞为主），庸俗的台词，柔弱无用的女主，强调牺牲的集体主义精神。
3,黄青蕉,北京,"['colinpark ', ' 2011-01-29加入']",allstar40 rating,2019-02-14 22:51:13,90,可以的，完整，宏大，节奏，泪点都做到了，这种踏实在风靡着胡乱吹逼和高冷鄙视链的科幻电影界真的难得，要不是粉丝那么讨厌我都可以打鼓励性五星了。当然，有一说一，短板也是很明显，比如你把背景换到俄罗斯试试，没了祖国滤镜整个故事就还是上世纪土锤灾难片，但是谁让我们连土锤灾难片都没拍好过呢？慢慢来吧，保持这个态度，总有一天会好的
4,妖灵妖,上海,"['colinpark ', ' 2011-01-29加入']",allstar40 rating,2019-02-06 21:03:07,172,7。想象力和视觉构建上有很多了不起的地方，可惜剧作上的急促让人物严重扁平化了
5,徐若风,浙江杭州,"['colinpark ', ' 2011-01-29加入']",allstar40 rating,2019-02-05 22:52:49,314,"3.5  超过预期。《流浪地球》的确开启了中国科幻片和灾难片的新纪元，无论是在哪一坐标中进行比对。它在概念和执行上都达标了，特效技术、工整剧作、演员所合力营造出了很对的氛围。
从原著角度而言，是一个带着孤独感的故事。电影采用了小说中的整体设定，但故事与人物有了新的创造，且塑造了好的主题，即对乡土情结的回归和牺牲精神。"
6,[已注销],,"['colinpark ', ' 2011-01-29加入']",allstar10 rating,2019-02-07 10:47:03,1376,高度依赖文本的叙事，郭帆创造了一种全新的艺术形式……姑且称之为“视听小说”吧。叙事基本靠说，剧作节奏零碎且赶，看得出郭帆对某些观众智力的绝望，浅显直白到务求最智障的人都能看懂。郭帆讲故事的耐心近乎为零，放弃了引导而是一味强迫观众进入情绪。闭眼睛就是广播剧，睁眼睛就是奇观展示。配乐的滥用令人发指，三条音轨几乎铺满了整部电影。郭帆似乎并不在乎观众的听力健康，低重音滥用让人濒临崩溃。着重强调“灾难”的场景，却淡化了逻辑关系，对关键信息进行了模糊化处理。为了惨而惨，死亡在剧作层面目的性很明显，对操控观情绪的作用比对剧情的推动要大得多。经常为了戏剧性，彻底牺牲逻辑。郭帆对演员的指导堪称灾难，情绪建设基本上没有，全凭乱吼爆发出来。立意层面依旧是刘慈欣让人作呕的三观，在极端背景下论证那套反智反理性的东西。
7,我不呸拥有姓名,河北石家庄,"['colinpark ', ' 2011-01-29加入']",allstar10 rating,2019-02-06 17:36:51,500,拍出了c级好莱坞科幻片的质感，不知所云不知所踪不知所谓不知所以。生活耗尽人的热情，这部电影也一样。假大空无法使人感同身受。把中国人的情感拍的很廉价。猪队友让人生厌。
8,野蒜,北京,"['colinpark ', ' 2011-01-29加入']",allstar30 rating,2019-01-11 17:03:15,197,"1.80%末日灾难+19.9%太空歌剧+0.1%赛博朋克，执行不可能完成的任务。从世界观打造和特效来说比预期好太多，小毛病有，大方向是国产科幻片的一次突破。

2.同声传译、春季设定这些点考虑得很细致，甚至很多点感动到了我，但是节奏有问题，煽情点太多，这个情绪还没推向高潮，紧接着来了别的。饰演朵朵的演员的演技、电影台词太差了，每次旁白出现我都希望他闭嘴。总体值得鼓励。

3.郭帆自己也说，本来想参考《星际穿越》，结果发现“美学上想要达到中国观众语境的包装太难了”，所以在实际操作中，最有参考价值的是《银翼杀手》。因此观众能发现地下城的景观是有赛博朋克影子的，但郭帆把它本土化得很好，没有香港的感觉，更内地。“亲人两行泪”是个惊喜点。"
9,德川咪咪,上海,"['colinpark ', ' 2011-01-29加入']",allstar50 rating,2019-02-05 19:54:56,311,"虽然和原著几乎完全不同，但绝不亚于高二看小说时的脑补。
放映厅里60%都是独自来看这部片子的单身宅男，最后半小时，一整排人都在爆哭。
它绝不仅仅限于“中国人竟然能拍出这种水平的科幻电影”，这是在好莱坞的标准下也绝不逊色的，闪闪发光的，能被所有人长久传扬铭记的一部作品。
怎么说呢，科幻迷们这一生，不就是为了等到这样的作品吗？大笑、感动、爆哭、忘却自我、满脑子都是破音。
“前进三。”"
10,科林,"清迈, Thailand","['colinpark ', ' 2011-01-29加入']",allstar40 rating,2019-01-29 13:08:53,377,2019尚未开春，但我预言年底各家媒体盘点，一定会把“吴京失重飘零的泪水”一幕计入年度最美镜头之列。
11,男娼起义,,"['colinpark ', ' 2011-01-29加入']",comment-time ,2019-01-28 20:14:00,125,北京的天空哪能看到星星啊
12,三七莲华,上海,"['colinpark ', ' 2011-01-29加入']",allstar40 rating,2019-02-05 21:28:24,198,吴京式煽情太多，某些地方逻辑有缺，我很烦主角那俩熊娃，但整体瑕不掩瑜，值得一看。7-8分。春节档也就这个比较好看了。还有我真的觉得以人类劣根性这么宏伟的计划根本坚持不了2500年，五代之内就会给搞砸了。
13,Paco,北京,"['colinpark ', ' 2011-01-29加入']",allstar30 rating,2019-02-14 18:22:49,52,3.5。歌颂“集体”但不歌颂集体主义，这个核心从韩朵朵成为“希望”符号引领世界性同心同力、而“权威”明确给予了所有人选择公私的权利起，就已经圆满输出了——这是我选择拥抱《流浪地球》最重要的原因：在一言难尽的美学和概念杂糅之外，这是真正值得骄傲的那份中国特色。文本上的这一抹辩证之光，无论是对比位于天平两端的《红海》和《战狼》，还是放眼到新世纪的华语工业创作，都是在题材、视效之外同样值得珍视，且不可忽视的一点。吴京的角色如果最后能多一点《星际穿越》式的“知性”权衡，少一点燃情为先的无畏，这层包裹在强国外壳下的修正表意一定会更加完美。再说其他基本就都是赘述了，认同没什么好黑，但也坚决反对黑不得。
14,阿巴厮,四川成都,"['colinpark ', ' 2011-01-29加入']",allstar50 rating,2019-02-10 22:12:58,159,以后中国还是少拍这种电影了吧，费钱。不是费投资人的钱，是费老百姓的钱，太好看了，总想看，一张票好几十，一天的饭钱了。
15,国王KING,广东广州,"['colinpark ', ' 2011-01-29加入']",allstar50 rating,2019-02-07 01:06:07,212,燃到飙泪的地球救援，绝望与希望的救赎之路。更重要的是，这是中！国！科！幻！电！影！
16,大奇特(Grinch),北京,"['colinpark ', ' 2011-01-29加入']",allstar20 rating,2019-01-28 19:39:13,310,拍摄的角度来说可以了，美术、特效一大进步，不足还有很多。原著的概念改成宏大视角下的舍小家顾大家……旋律也就跟着正了。给予观众的解释太多，赋予观众的想象太少，过多展现特效，缺少对人物功能、动机上的铺垫，以及镜头切太快，细节有缺失。年轻演员整体太差（尤其那个程序员），放了几个很基础的致敬元素（如“HAL9000”的莫斯，陀螺钥匙扣等等），行吧。
17,Bonnae,Fiji,"['colinpark ', ' 2011-01-29加入']",allstar30 rating,2019-02-12 12:22:13,78,"我其实对这样的孤胆英雄靠着死马当活马医，怎么推想都不靠谱的方法，拯救地球这一套，早就不感冒了，地球大概也像猫一样有九条命，不过这都被拯救了N次了，大概这算是奇迹（抑或神迹？）！
基本就是中俄哥俩好，拯救地球的故事，不过苏联老大哥提前挂了，所以只能靠中国了（不过联合政府话事人看来还是俄国人，算是安慰俄国佬？），果然日本人关键时刻就想着自杀，这回算是没有剖腹，是用枪，美国佬(救援小队)最后才露了一下“声”（没看见脸）。
故事平舖直述，缺乏令人意外或者特别的剧情转折，人物性格塑造一般（女性还比较刻板印象，爱哭，需要人照顾），那位哥哥刘启给我的感觉还有点地痞气（大概导演误以为这是个性？）。价值观上算是没有硬伤，但是像白开水一样，平淡无味，缺乏深度，大概就是在绝望时刻，不要放弃希望。（可以与……"
18,子戈,北京,"['colinpark ', ' 2011-01-29加入']",allstar30 rating,2019-02-08 15:32:30,126,"一匹披着科幻外衣的战狼，一场打着地球主义旗号的爱国主义救援行动。
空有一个科幻设定，缺乏该设定下的大量社会生活和人性细节，使得该设定成了一种强制概念，甚至无异于架空。
最后的成片其实与科幻无关，只是换了模样的限时救援，真的没必要吹上天。
工业上的意义值得肯定，那就肯定。说是中国的科幻元年，还差一步。"
19,FYB,,"['colinpark ', ' 2011-01-29加入']",allstar20 rating,2019-02-05 08:17:56,815,煽情显得太尴尬
0,小伙队,江苏苏州,"['yinxiang ', ' 2006-08-06加入', '\n        ', '\n']",allstar40 rating,2019-02-07 13:36:24,138,宇宙广播地球无望的时候 我真希望片子就此结束吧 让人类静静地面对自己的时间终点…… （引发不适的是贯穿始终的“回家”教育
1,胤祥,北京,"['yinxiang ', ' 2006-08-06加入', '\n        ', '\n']",allstar40 rating,2019-02-22 12:28:22,43,柏林和FEST间隙终于补上了。实话说原著党表示不太喜欢剧作，片子充其量也只能算是《流浪地球》选段吧。就电影而言，做成少年向是非常对的（郭帆的青春片底子用上了），找的视觉参考其实是[环太]，而同时又致敬了[2001太空漫游]也是很不错的。但是剧作还是有问题的。就影片而言却是值得一吹，四星妥妥的，但是场外因素实在令人不爽，尤其外交部和宣宣介入之后这个事情的性质已经变了。从这个角度回到文本倒是能看出一件趣事，为什么只有中国人才能救地球，因为社会组织方式啊，所以影片里面（令人绝望的）未来与当下中国社会形态的高度近似感本身是有着明确意识形态指向的。
2,张大水,湖北武汉,"['yinxiang ', ' 2006-08-06加入', '\n        ', '\n']",allstar30 rating,2019-02-07 21:49:29,100,"1.救援队在上海的时候被导航坑了，从东方明珠绕了好久才绕到环球金融中心。2.不如叫《地球最后的一晚》或者《drops of Jupiter》。3.俄语有加分，带来加加林的火箭在外太空的感觉，但后来法语用得让人懵逼。4.只是代表电影工业又上了一步，以后这样的片子应该会越来越多，自high程度有点过头了，说到底影片的内核还是好莱坞的，或地心引力或世界末日，表面made in china,却不是中国芯。"
3,Derridager,北京,"['yinxiang ', ' 2006-08-06加入', '\n        ', '\n']",allstar30 rating,2019-02-07 22:08:15,134,像是一个合格的面子工程，大致的世界观搭建得没问题，在看的过程中也成功被“唤询”，所以三星还是有的。但诚如一些批评所言，此片的剪辑很奇怪，有好几次时间交错或动作复杂的戏剪得让人看得晕极了。而且没有中国特色，从故事情节的组接到回家主题，都在学习好莱坞/经典科幻片。可这明明是部中国特色社会主义的灾难片啊——科幻想象从旁白褪去就散了。接下来的，就是牺牲－前进－再牺牲－前进，混上朴素的cosmopolitan（比如初中生深情广播动员全球）和“大跃进”式的中国神力，用知不可为而为之去嘲笑工具的智慧预测（不得不说这里很粗浅），有着很多粗糙的毛边。当然最大的疑问是，社会主义灾难片（或者扩大到所有类型的电影）的“历史”是不是在大跃进时已经迎来了“终结”？
4,恶魔的步调,浙江台州,"['yinxiang ', ' 2006-08-06加入', '\n        ', '\n']",allstar40 rating,2019-02-05 02:20:18,262,三点：一这是部献给程序员的影片；二是如果能改造一下，音乐其实是可以再加持一下的；三是，这根本是把刘慈欣拍成新海诚了嘛（不过想想其实差别也没那么大）。
5,雨前羽街,北京,"['yinxiang ', ' 2006-08-06加入', '\n        ', '\n']",allstar40 rating,2019-01-28 20:36:21,171,保守点儿说可能是我国前后5年内的科幻电影高峰了
6,邢早早,北京,"['yinxiang ', ' 2006-08-06加入', '\n        ', '\n']",allstar10 rating,2019-02-11 15:44:13,235,刘启，韩朵朵，泰山崩于前而色不变，猝然临之而不惊，地球是你们的，我不配留在这里，我先死为敬，去做天上星星了。
7,囧叔,北京,"['yinxiang ', ' 2006-08-06加入', '\n        ', '\n']",allstar40 rating,2019-01-20 15:36:20,217,看过超前电影场，泪点很多，主要在片头片尾上，前头写着“原著：刘慈欣”，片尾直接围绕一本《流浪地球》原著做了一段蛮带感的CG，而大刘就坐在前排，经历着自己的第一次。我没收钱，实名打四星，不是友情转发，跟大刘和郭帆都没有友情。
8,Evarnold,上海,"['yinxiang ', ' 2006-08-06加入', '\n        ', '\n']",allstar40 rating,2019-02-07 18:28:16,131,《流浪地球》已经解决的问题：1.解决了国产商业科幻电影的自信心问题，由此国产科幻通往投资和市场的大门敞开。2.铲除了刘慈欣这个宝库通往顶级商业运营的障碍。3.减轻了以往类似文本的民族性与国际性非此即彼的尴尬，提供了一种大部分国人能理性接受的解决方案，国际上能不能接受目前还不重要。4.培养了一支能继续做下去的技术团队。基于以上四点，《流浪地球》足以留史，功德无量。《流浪地球》还没解决的问题：1.特效与视听语言的结合问题。特效会做了，也形成了自己的办法和思路。接下来要探索怎么引导观众去看画面，怎么在视听上做好情绪的收与放。2.宇宙题材不可避免要学会怎么更真实地展现空间与时间。近与远的对比，大与小的对比。宇宙有多可怕，人与天斗的精神才有多可贵。这两个没解决的问题，好莱坞也没多少人能解决。哈哈。
9,天亮天黑,北京,"['yinxiang ', ' 2006-08-06加入', '\n        ', '\n']",allstar40 rating,2019-01-28 23:40:05,432,看《流浪地球》的过程中，眼前依次浮现出《后天》《2012》《星际穿越》，出乎意料地，完全不输好莱坞的后期特效。作为2000年就开始在《科幻世界》的银河奖征文里追随大刘的读者，这部电影可以说是比较让人自豪了。《红海行动》在2018年票房有多好，《流浪地球》就有可能卖多少。
10,mumudancing,上海,"['yinxiang ', ' 2006-08-06加入', '\n        ', '\n']",allstar40 rating,2019-02-06 20:04:28,98,真的，就是没有美国人。
11,南笙,,"['yinxiang ', ' 2006-08-06加入', '\n        ', '\n']",allstar40 rating,2019-02-06 16:43:38,127,瑕不掩瑜，跟白蛇一样，国内技术已经顶尖了，但是剧本还是弱项。
12,黑狗成,上海,"['yinxiang ', ' 2006-08-06加入', '\n        ', '\n']",allstar40 rating,2019-01-28 21:59:53,151,多处致敬卡朋特和库布里克，算小京喜。
13,寒枝雀静,上海,"['yinxiang ', ' 2006-08-06加入', '\n        ', '\n']",allstar20 rating,2019-02-06 22:16:03,351,2.5 / 假如“元年”如百度百科所说意为“某个事物或事件开始发生的时间”的话，那么这部影片在人物塑造、情节推进、主旨串连、演员表演、配乐调用等基础的叙事（或是论证）能力与视听技巧方面都是配得上这一称号的，而视觉效果则比“元年”要成熟不少。一个初生不久的孩子不会说话走路，眼中却有着扁平驳杂而充满新鲜感的世界。只不过“世界”到底意味着什么，“死亡”意味着什么，对它而言还是如此轻薄模糊。然而这些实质性的成长镇痛，才是在鼓励之外必须要磨炼的内容。
14,杨三疯,河北唐山,"['yinxiang ', ' 2006-08-06加入', '\n        ', '\n']",allstar20 rating,2019-02-08 13:07:27,439,吴京对着地球喊了一声：儿子！所有活着的地球人都成了他的后代，牛逼还的自己吹。感性战胜理性，傻逼干死科学家的典型案例。
15,宽松睡裤又如何,上海,"['yinxiang ', ' 2006-08-06加入', '\n        ', '\n']",allstar20 rating,2019-02-07 00:09:18,502,一部软科幻电影就不要拿出一副硬科幻的腔调，硬又硬不起来。
16,张劳动,北京,"['yinxiang ', ' 2006-08-06加入', '\n        ', '\n']",allstar50 rating,2019-02-06 01:49:06,197,中国科幻电影都可以了 ，留给中国男足的时间不多了。
17,易老邪,新疆喀什,"['yinxiang ', ' 2006-08-06加入', '\n        ', '\n']",allstar50 rating,2019-02-09 18:01:01,127,整体观感远高于预期。影片尽管不可避免地还存在各种问题，比如人物单薄（这几乎是所有科幻片的通病），叙事有些平、节奏有点赶，导致很多燃点没炸响，高潮不够给力震撼……，但作为首部国产科幻大片，《流浪地球》不仅完成度很高，其背景设定、风格基调及场面的大气恢弘，及美工、视效的用心考究，一下把国产科幻片的门槛拉的非常高，而口碑和票房的双丰收也为国产科幻开了一个近乎完美的好头。有感于此，特打5星予以支持。
18,失格艺人,,"['yinxiang ', ' 2006-08-06加入', '\n        ', '\n']",allstar10 rating,2019-02-08 03:01:51,387,八组吹得我忍不住去看了午夜场，实在是失望，特效粗糙，台词幼稚，人设肤浅，剧情无聊，刻意煽情……wtf，被口碑逆袭营销路线套路了。一星给全片最佳扮演者——空间站控制系统Moss！地球都快毁灭了，只有Moss在扮演着科幻片的角色，其他人都还想着回家过年:)“moss从未叛变”全剧最苏
19,MsWan,,"['yinxiang ', ' 2006-08-06加入', '\n        ', '\n']",allstar10 rating,2019-02-05 10:50:50,522,大刘的想象力确实没的说， 可惜不够硬核… 对于天文物理学专业的我，研究广义相对论。 这些剧情属实弟弟…，
